연번,제목
1,한국고전번역원_한국문집총간_월고집(月皐集)_20210125
2,한국고전번역원_한국문집총간_혼재집(渾齋集)_20210125
3,한국고전번역원_한국문집총간_만성집(晩醒集)_20210122
4,한국고전번역원_한국문집총간_죽포집(竹圃集)_20210122
5,한국고전번역원_한국문집총간_근암집(近庵集)_20210121
6,한국고전번역원_한국문집총간_어당집(?堂集)_20210121
7,한국고전번역원_한국문집총간_유헌집(遊軒集)_20210121
8,한국고전번역원_한국문집총간_입재집(立齋集)_20210121
9,한국고전번역원_한국문집총간_향산집(響山集)_20210121
10,한국고전번역원_한국문집총간_석간집(石澗集)_20210121
11,한국고전번역원_한국문집총간_진계집(進溪集)_20210120
12,한국고전번역원_한국문집총간_효산집(曉山集)_20210120
13,한국고전번역원_한국문집총간_대계유고(大溪遺稿)_20210120
14,한국고전번역원_한국문집총간_성암집(誠菴集)_20210120
15,한국고전번역원_한국문집총간_조암집(照菴集)_20210120
16,한국고전번역원_한국문집총간_경재집(景齋集)_20210120
17,한국고전번역원_한국문집총간_동호유고(東湖遺稿)_20210120
18,한국고전번역원_한국문집총간_극재집(克齋集)_20210119
19,한국고전번역원_한국문집총간_임재집(臨齋集)_20210119
20,한국고전번역원_한국문집총간_척암집(拓菴集)_20210119
21,한국고전번역원_한국문집총간_소송유고(小松遺稿)_20210119
22,한국고전번역원_한국문집총간_운암집(雲菴集)_20210118
23,한국문집총간_만향재시초(晩香齋詩?)(등록일:2020.04.17)
24,한국문집총간_백후집(柏後集)(등록일:2020.04.17)
25,한국문집총간_역암집(?菴集)(등록일:2020.04.17)
26,한국문집총간_신암집(愼庵集)(등록일:2020.04.17)
27,한국문집총간_하거집(荷居集)(등록일:2020.04.17)
28,한국문집총간_석산유고(石山遺稿)(등록일:2020.04.17)
29,한국문집총간_인산집(仁山集)(등록일:2020.04.17)
30,한국문집총간_운강집(雲岡集)(등록일:2020.04.17)
31,한국문집총간_이재집(?齋集)(등록일:2020.04.17)
32,한국문집총간_녹리집(?里集)(등록일:2020.04.17)
33,한국문집총간_경헌집(敬軒集)(등록일:2020.04.17)
34,한국문집총간_운창집(芸窓集)(등록일:2020.04.17)
35,한국문집총간_사애집(沙厓集)(등록일:2020.04.17)
36,한국문집총간_석세유고(石世遺稿)(등록일:2020.04.17)
37,한국문집총간_시암집(時庵集)(등록일:2020.04.17)
38,한국문집총간_대산집(對山集)(등록일:2020.04.17)
39,한국문집총간_침우당집(枕雨堂集)(등록일:2020.04.17)
40,한국문집총간_해장집(海藏集)(등록일:2020.04.17)
41,한국문집총간_교정시집(皎亭詩集)(등록일:2020.04.17)
42,한국문집총간_내헌집(耐軒集)(등록일:2020.04.17)
43,한국문집총간_구애집(龜厓集)(등록일:2020.04.17)
44,한국문집총간_소정고(?亭稿)(등록일:2020.04.17)
45,한국문집총간_옥수집(玉垂集)(등록일:2020.04.17)
46,한국문집총간_입헌집(立軒集)(등록일:2020.04.17)
47,한국문집총간_정와집(訂窩集)(등록일:2020.04.17)
48,한국문집총간_동림집(東林集)(등록일:2020.04.17)
49,한국문집총간_용이와집(龍耳窩集)(등록일:2020.04.17)
50,한국문집총간_진암집(進菴集)(등록일:2020.04.17)
51,한국문집총간_천재집(泉齋集)(등록일:2020.04.17)
52,한국문집총간_유계집(柳溪集)(등록일:2020.04.17)
53,한국문집총간_정헌집(定軒集)(등록일:2020.04.17)
54,한국문집총간_회정집(晦亭集)(등록일:2020.04.17)
55,한국문집총간_농려집(農廬集)(등록일:2020.04.17)
56,한국문집총간_덕은유고(德隱遺稿)(등록일:2020.04.17)
57,한국문집총간_향은집(?隱集)(등록일:2020.04.17)
58,한국문집총간_응와집(凝窩集)(등록일:2020.04.17)
59,한국문집총간_지락와유고(至樂窩遺稿)(등록일:2020.04.17)
60,한국문집총간_직재집(直齋集)(등록일:2020.04.17)
61,한국문집총간_순재고(純齋稿)(등록일:2020.04.17)
62,한국문집총간_영은집(瀛隱集)(등록일:2020.04.17)
63,한국문집총간_온유재집(溫裕齋集)(등록일:2020.04.17)
64,한국문집총간_고계집(古溪集)(등록일:2020.04.17)
65,한국문집총간_만희집(晩羲集)(등록일:2020.04.17)
66,한국문집총간_지헌집(止軒集)(등록일:2020.04.17)
67,한국문집총간_보산집(甫山集)(등록일:2020.04.17)
68,한국문집총간_동리집(東里集)(등록일:2020.04.17)
69,한국문집총간_정수재유고(靜修齋遺稿)(등록일:2020.04.17)
70,한국문집총간_서소집(書巢集)(등록일:2020.04.17)
71,한국문집총간_수정재집(壽靜齋集)(등록일:2020.04.17)
72,한국문집총간_봉촌집(鳳村集)(등록일:2020.04.17)
73,한국문집총간_신와집(愼窩集)(등록일:2020.04.17)
74,한국문집총간_둔오집(屯塢集)(등록일:2020.04.17)
75,한국문집총간_중산재집(重山齋集)(등록일:2020.04.17)
76,한국문집총간_경암집(敬菴集)(등록일:2020.04.17)
77,한국문집총간_활수옹유고(活水翁遺稿)(등록일:2020.04.17)
78,한국문집총간_몽관시고(夢觀詩稿)(등록일:2020.04.17)
79,한국문집총간_외와집(畏窩集)(등록일:2020.04.17)
80,한국문집총간_제암집(制庵集)(등록일:2020.04.17)
81,한국문집총간_난국재집(蘭菊齋集)(등록일:2020.04.16)
82,한국문집총간_소암집(所菴集)(등록일:2020.04.16)
83,한국문집총간_초암전집(初庵全集)(등록일:2020.04.16)
84,한국문집총간_관암전서(冠巖全書)(등록일:2020.04.16)
85,한국문집총간_호고와집(好古窩集)(등록일:2020.04.16)
86,한국문집총간_문산집(文山集)(등록일:2020.04.16)
87,한국문집총간_송서집(松西集)(등록일:2020.04.16)
88,한국문집총간_정일당유고(靜一堂遺稿)(등록일:2020.04.16)
89,한국문집총간_중암고(重菴稿)(등록일:2020.04.16)
90,한국문집총간_운곡집(雲谷集)(등록일:2020.04.16)
91,한국문집총간_수계집(修溪集)(등록일:2020.04.16)
92,한국문집총간_대야집(大?集)(등록일:2020.04.16)
93,한국문집총간_삼명시집(三溟詩集)(등록일:2020.04.16)
94,한국문집총간_송월만록(松月漫錄)(등록일:2020.04.16)
95,한국문집총간_백하집(白下集)(등록일:2020.04.16)
96,한국문집총간_눌와집(訥窩集)(등록일:2020.04.16)
97,한국문집총간_돈암집(敦巖集)(등록일:2020.04.16)
98,한국문집총간_냉천유고(冷泉遺稿)(등록일:2020.04.16)
99,한국문집총간_수와집(守窩集)(등록일:2020.04.16)
100,한국문집총간_해은유고(海隱遺稿)(등록일:2020.04.16)
101,한국문집총간_일포집(逸圃集)(등록일:2020.04.16)
102,한국문집총간_수재유고(壽齋遺稿)(등록일:2020.04.16)
103,한국문집총간_학서집(鶴棲集)(등록일:2020.04.16)
104,한국문집총간_질암집(質菴集)(등록일:2020.04.16)
105,한국문집총간_좌소산인집(左蘇山人集)(등록일:2020.04.16)
106,한국문집총간_강고집(江皐集)(등록일:2020.04.16)
107,한국문집총간_도계유고(陶溪遺稿)(등록일:2020.04.16)
108,한국문집총간_성재집(誠齋集)(등록일:2020.04.16)
109,한국문집총간_갈천집(葛川集)(등록일:2020.04.16)
110,한국문집총간_괴담유고(槐潭遺稿)(등록일:2020.04.16)
111,한국문집총간_현와집(弦窩集)(등록일:2020.04.16)
112,한국문집총간_학포헌집(學圃軒集)(등록일:2020.04.16)
113,한국문집총간_신야집(新野集)(등록일:2020.04.16)
114,한국문집총간_산목헌집(山木軒集)(등록일:2020.04.16)
115,한국문집총간_일엄유고(一?遺稿)(등록일:2020.04.16)
116,한국문집총간_근와집(近窩集)(등록일:2020.04.16)
117,한국문집총간_눌암집(訥菴集)(등록일:2020.04.16)
118,한국문집총간_궁오집(窮悟集)(등록일:2020.04.16)
119,한국문집총간_광뢰집(廣瀨集)(등록일:2020.04.16)
120,한국문집총간_화산집(華山集)(등록일:2020.04.16)
121,한국문집총간_족수당집(足睡堂集)(등록일:2020.04.16)
122,한국문집총간_열암집(悅菴集)(등록일:2020.04.16)
123,한국문집총간_박옹시초(泊翁詩?)(등록일:2020.04.16)
124,한국문집총간_치암집(癡庵集)(등록일:2020.04.16)
125,한국문집총간_구암집(龜巖集)(등록일:2020.04.16)
126,한국문집총간_정와집(貞窩集)(등록일:2020.04.16)
127,한국문집총간_태호집(太湖集)(등록일:2020.04.16)
128,한국문집총간_사헌집(思軒集)(등록일:2020.04.16)
129,한국문집총간_호곡집(壺谷集)(등록일:2020.04.16)
130,한국문집총간_손재집(損齋集)(등록일:2020.04.16)
131,한국문집총간_우원집(尤園集)(등록일:2020.04.16)
132,한국문집총간_화천집(華泉集)(등록일:2020.04.16)
133,한국문집총간_제암집(濟庵集)(등록일:2020.04.16)
134,한국문집총간_안와유고(安窩遺稿)(등록일:2020.04.16)
135,한국문집총간_가암유고(可庵遺稿)(등록일:2020.04.16)
136,한국문집총간_전암집(典庵集)(등록일:2020.04.16)
137,한국문집총간_지애집(芝厓集)(등록일:2020.04.16)
138,한국문집총간_학림집(鶴林集)(등록일:2020.04.16)
139,한국문집총간_치서집(?墅集)(등록일:2020.04.16)
140,한국문집총간_가정유고(柯汀遺稿)(등록일:2020.04.16)
141,한국문집총간_면암집(?庵集)(등록일:2020.04.16)
142,한국문집총간_두와집(?窩集)(등록일:2020.04.16)
143,한국문집총간_덕봉집(德峯集)(등록일:2020.04.16)
144,한국문집총간_구와집(龜窩集)(등록일:2020.04.16)
145,한국문집총간_검암산인시집(儉巖山人詩集)(등록일:2020.04.16)
146,한국문집총간_탁계집(濯溪集)(등록일:2020.04.16)
147,한국문집총간_만취정유고(晩翠亭遺稿)(등록일:2020.04.16)
148,한국문집총간_구암집(懼庵集)(등록일:2020.04.16)
149,한국문집총간_국헌집(菊軒集)(등록일:2020.04.16)
150,한국문집총간_동야집(東?集)(등록일:2020.04.16)
151,한국문집총간_나산집(蘿山集)(등록일:2020.04.14)
152,한국문집총간_회병집(晦屛集)(등록일:2020.04.14)
153,한국문집총간_이재집(?齋集)(등록일:2020.04.14)
154,한국문집총간_오룡재유고(五龍齋遺稿)(등록일:2020.04.14)
155,한국문집총간_묵산집(默山集)(등록일:2020.04.14)
156,한국문집총간_임여재집(臨汝齋集)(등록일:2020.04.14)
157,한국문집총간_만곡집(晩谷集)(등록일:2020.04.14)
158,한국문집총간_두암집(斗庵集)(등록일:2020.04.14)
159,한국문집총간_최와집(最窩集)(등록일:2020.04.14)
160,한국문집총간_우고집(雨皐集)(등록일:2020.04.14)
161,한국문집총간_동계유고(東溪遺稿)(등록일:2020.04.14)
162,한국문집총간_소미산방장(少眉山房藏)(등록일:2020.04.14)
163,한국문집총간_운호집(雲湖集)(등록일:2020.04.14)
164,한국문집총간_여와집(餘窩集)(등록일:2020.04.14)
165,한국문집총간_소암집(素巖集)(등록일:2020.04.14)
166,한국문집총간_퇴헌집(退軒集)(등록일:2020.04.14)
167,한국문집총간_오산집(梧山集)(등록일:2020.04.14)
168,한국문집총간_노우집(魯宇集)(등록일:2020.04.14)
169,한국문집총간_제헌집(霽軒集)(등록일:2020.04.14)
170,한국문집총간_운재유고(雲齋遺稿)(등록일:2020.04.14)
171,한국문집총간_동암집(東巖集)(등록일:2020.04.14)
172,한국문집총간_천사집(川沙集)(등록일:2020.04.14)
173,한국문집총간_약재집(約齋集)(등록일:2020.04.14)
174,한국문집총간_운계만고(雲溪漫稿)(등록일:2020.04.14)
175,한국문집총간_태을암집(太乙菴集)(등록일:2020.04.14)
176,한국문집총간_후산집(后山集)(등록일:2020.04.14)
177,한국문집총간_석당유고(石堂遺稿)(등록일:2020.04.14)
178,한국문집총간_추담집(秋潭集)(등록일:2020.04.14)
179,한국문집총간_윤지당유고(允摯堂遺稿)(등록일:2020.04.14)
180,한국문집총간_반포유고(伴圃遺稿)(등록일:2020.04.14)
181,한국문집총간_해악집(海嶽集)(등록일:2020.04.14)
182,한국문집총간_경현재집(警弦齋集)(등록일:2020.04.14)
183,한국문집총간_나와집(懶窩集)(등록일:2020.04.14)
184,한국문집총간_밀암집(密菴集)(등록일:2020.04.14)
185,한국문집총간_성당집(性堂集)(등록일:2020.04.14)
186,한국문집총간_위암집(韋庵集)(등록일:2020.04.14)
187,한국문집총간_쌍백당유고(雙柏堂遺稿)(등록일:2020.04.14)
188,한국문집총간_유심재집(有心齋集)(등록일:2020.04.14)
189,한국문집총간_단릉유고(丹陵遺稿)(등록일:2020.04.14)
190,한국문집총간_이계집(尼溪集)(등록일:2020.04.14)
191,한국문집총간_이호유고(梨湖遺稿)(등록일:2020.04.13)
192,한국문집총간_용재집(庸齋集)(등록일:2020.04.13)
193,한국문집총간_진명집(震溟集)(등록일:2020.04.13)
194,한국문집총간_표암고(豹菴稿)(등록일:2020.04.13)
195,한국문집총간_농수집(農?集)(등록일:2020.04.13)
196,한국문집총간_봉록집(鳳麓集)(등록일:2020.04.13)
197,한국문집총간_누실집(陋室集)(등록일:2020.04.13)
198,한국문집총간_하지유집(下枝遺集)(등록일:2020.04.13)
199,한국문집총간_만옹집(晩翁集)(등록일:2020.04.13)
200,한국문집총간_창암집(蒼巖集)(등록일:2020.04.13)
201,한국문집총간_평암집(平庵集)(등록일:2020.04.13)
202,한국문집총간_활산집(活山集)(등록일:2020.04.13)
203,한국문집총간_팔우헌집(八友軒集)(등록일:2020.04.13)
204,한국문집총간_송호집(松湖集)(등록일:2020.04.13)
205,한국문집총간_동강유고(桐江遺稿)(등록일:2020.04.13)
206,한국문집총간_이택재유고(麗澤齋遺稿)(등록일:2020.04.13)
207,한국문집총간_백수집(白水集)(등록일:2020.04.13)
208,한국문집총간_후암집(厚庵集)(등록일:2020.04.13)
209,한국문집총간_이봉집(夷峯集)(등록일:2020.04.13)
210,한국문집총간_약헌유집(藥軒遺集)(등록일:2020.04.13)
211,한국문집총간_창하집(蒼霞集)(등록일:2020.04.13)
212,한국문집총간_남촌집(南村集)(등록일:2020.04.13)
213,한국문집총간_한천유고(寒泉遺稿)(등록일:2020.04.13)
214,한국문집총간_비수재집(賁需齋集)(등록일:2020.04.13)
215,한국문집총간_봉곡계찰방유집(鳳谷桂察訪遺集)(등록일:2020.04.13)
216,한국문집총간_하정집(?亭集)(등록일:2020.04.13)
217,한국문집총간_겸산집(兼山集)(등록일:2020.04.13)
218,한국문집총간_태화자고(太華子稿)(등록일:2020.04.13)
219,한국문집총간_이안당집(易安堂集)(등록일:2020.04.13)
220,한국문집총간_만모유고(晩慕遺稿)(등록일:2020.04.13)
221,한국문집총간_정좌와집(靜坐窩集)(등록일:2020.04.13)
222,한국문집총간_전긍재집(戰兢齋集)(등록일:2020.04.13)
223,한국문집총간_우천집(牛川集)(등록일:2020.04.13)
224,한국문집총간_청벽집(靑壁集)(등록일:2020.04.13)
225,한국문집총간_모산유고(慕山遺稿)(등록일:2020.04.13)
226,한국문집총간_사촌집(沙村集)(등록일:2020.04.13)
227,한국문집총간_두기시집(杜機詩集)(등록일:2020.04.13)
228,한국문집총간_이치재집(二恥齋集)(등록일:2020.04.13)
229,한국문집총간_지암유고(止庵遺稿)(등록일:2020.04.13)
230,한국문집총간_우원집(愚園集)(등록일:2020.04.13)
231,한국문집총간_일암집(一菴集)(등록일:2020.04.13)
232,한국문집총간_증소집(?巢集)(등록일:2020.04.13)
233,한국문집총간_국포집(菊圃集)(등록일:2020.04.13)
234,한국문집총간_한송재집(寒松齋集)(등록일:2020.04.13)
235,한국문집총간_황고집(黃?集)(등록일:2020.04.13)
236,한국문집총간_석문집(石門集)(등록일:2020.04.13)
237,한국문집총간_퇴헌유고(退軒遺稿)(등록일:2020.04.13)
238,한국문집총간_서재집(西齋集)(등록일:2020.04.13)
239,한국문집총간_동계유고(東溪遺稿)(등록일:2020.04.13)
240,한국문집총간_화계집(花溪集)(등록일:2020.04.13)
241,한국문집총간_모헌집(慕軒集)(등록일:2020.04.13)
242,한국문집총간_관수재유고(觀水齋遺稿)(등록일:2020.04.13)
243,한국문집총간_목곡집(牧谷集)(등록일:2020.04.13)
244,한국문집총간_관아재고(觀我齋稿)(등록일:2020.04.13)
245,한국문집총간_매산집(梅山集)(등록일:2020.04.13)
246,한국문집총간_둔암집(屯菴集)(등록일:2020.04.13)
247,한국문집총간_노은집(老隱集)(등록일:2020.04.13)
248,한국문집총간_봉암집(鳳巖集)(등록일:2020.04.13)
249,한국문집총간_퇴어당유고(退漁堂遺稿)(등록일:2020.04.13)
250,한국문집총간_명고집(鳴?集)(등록일:2020.04.13)
251,한국문집총간_백남집(白南集)(등록일:2020.04.10)
252,한국문집총간_청령자유고(淸?子遺稿)(등록일:2020.04.10)
253,한국문집총간_명암집(明庵集)(등록일:2020.04.10)
254,한국문집총간_회와집(悔窩集)(등록일:2020.04.10)
255,한국문집총간_학고집(鶴?集)(등록일:2020.04.10)
256,한국문집총간_응재집(凝齋集)(등록일:2020.04.10)
257,한국문집총간_동포집(東圃集)(등록일:2020.04.10)
258,한국문집총간_용와집(?窩集)(등록일:2020.04.10)
259,한국문집총간_몽오재집(夢悟齋集)(등록일:2020.04.10)
260,한국문집총간_퇴암집(退庵集)(등록일:2020.04.10)
261,한국문집총간_죽헌집(竹軒集)(등록일:2020.04.10)
262,한국문집총간_절곡집(節谷集)(등록일:2020.04.10)
263,한국문집총간_송와집(松窩集)(등록일:2020.04.10)
264,한국문집총간_추암집(KC01783菴集)(등록일:2020.04.10)
265,한국문집총간_정암집(正菴集)(등록일:2020.04.10)
266,한국문집총간_졸은유고(拙隱遺稿)(등록일:2020.04.10)
267,한국문집총간_서계집(西溪集)(등록일:2020.04.10)
268,한국문집총간_시암집(是庵集)(등록일:2020.04.10)
269,한국문집총간_서주집(西州集)(등록일:2020.04.10)
270,한국문집총간_순암집(順菴集)(등록일:2020.04.10)
271,한국문집총간_기옹집(寄翁集)(등록일:2020.04.10)
272,한국문집총간_우계집(雨溪集)(등록일:2020.04.10)
273,한국문집총간_지족당집(知足堂集)(등록일:2020.04.10)
274,한국문집총간_필운고(弼雲稿)(등록일:2020.04.10)
275,한국문집총간_박담옹집(朴澹翁集)(등록일:2020.04.10)
276,한국문집총간_사천시초(?川詩抄)(등록일:2020.04.10)
277,한국문집총간_운와집(芸窩集)(등록일:2020.04.10)
278,한국문집총간_고재집(顧齋集)(등록일:2020.04.10)
279,한국문집총간_유회당집(有懷堂集)(등록일:2020.04.10)
280,한국문집총간_택재유타(澤齋遺唾)(등록일:2020.04.10)
281,한국문집총간_화암집(和菴集)(등록일:2020.04.10)
282,한국문집총간_삼수헌고(三秀軒稿)(등록일:2020.04.10)
283,한국문집총간_박정자유고(朴正字遺稿)(등록일:2020.04.10)
284,한국문집총간_화재집(華齋集)(등록일:2020.04.10)
285,한국문집총간_학당유고(鶴塘遺稿)(등록일:2020.04.10)
286,한국문집총간_청대집(淸臺集)(등록일:2020.04.10)
287,한국문집총간_포헌집(逋軒集)(등록일:2020.04.10)
288,한국문집총간_모계집(茅溪集)(등록일:2020.04.10)
289,한국문집총간_용포집(龍浦集)(등록일:2020.04.10)
290,한국문집총간_후계집(后溪集)(등록일:2020.04.10)
291,한국문집총간_묵암집(默庵集)(등록일:2020.04.10)
292,한국문집총간_창사집(昌舍集)(등록일:2020.04.10)
293,한국문집총간_홍도유고(弘道遺稿)(등록일:2020.04.10)
294,한국문집총간_우암집(寓庵集)(등록일:2020.04.10)
295,한국문집총간_함계집(涵溪集)(등록일:2020.04.10)
296,한국문집총간_역옹유고(?翁遺稿)(등록일:2020.04.10)
297,한국문집총간_추담집(秋潭集)(등록일:2020.04.10)
298,한국문집총간_화은집(和隱集)(등록일:2020.04.10)
299,한국문집총간_눌헌집(訥軒集)(등록일:2020.04.10)
300,한국문집총간_만은유고(晩隱遺稿)(등록일:2020.04.10)
301,한국문집총간_모주집(茅洲集)(등록일:2020.04.10)
302,한국문집총간_탄촌유고(灘村遺稿)(등록일:2020.04.10)
303,한국문집총간_자유헌집(自濡軒集)(등록일:2020.04.10)
304,한국문집총간_오재집(寤齋集)(등록일:2020.04.10)
305,한국문집총간_통허재집(洞虛齋集)(등록일:2020.04.10)
306,한국문집총간_동계집(東溪集)(등록일:2020.04.10)
307,한국문집총간_기봉집(碁峯集)(등록일:2020.04.10)
308,한국문집총간_검재집(儉齋集)(등록일:2020.04.10)
309,한국문집총간_육화집(六化集)(등록일:2020.04.10)
310,한국문집총간_수초당집(遂初堂集)(등록일:2020.04.10)
311,한국문집총간_시와유고(是窩遺稿)(등록일:2020.04.10)
312,한국문집총간_양와집(養窩集)(등록일:2020.04.10)
313,한국문집총간_정재집(靜齋集)(등록일:2020.04.10)
314,한국문집총간_경암집(絅菴集)(등록일:2020.04.10)
315,한국문집총간_나은집(懶隱集)(등록일:2020.04.10)
316,한국문집총간_동강유고(東岡遺稿)(등록일:2020.04.10)
317,한국문집총간_회은집(晦隱集)(등록일:2020.04.10)
318,한국문집총간_야촌집(野村集)(등록일:2020.04.10)
319,한국문집총간_호은집(壺隱集)(등록일:2020.04.10)
320,한국문집총간_남충장공시고(南忠壯公詩稿)(등록일:2020.04.10)
321,한국문집총간_구천유고(龜川遺稿)(등록일:2020.04.10)
322,한국문집총간_둔옹집(遁翁集)(등록일:2020.04.10)
323,한국문집총간_박천집(博泉集)(등록일:2020.04.10)
324,한국문집총간_관복재유고(觀復齋遺稿)(등록일:2020.04.10)
325,한국문집총간_팔오헌집(八吾軒集)(등록일:2020.04.10)
326,한국문집총간_범허정집(泛虛亭集)(등록일:2020.04.10)
327,한국문집총간_노주집(蘆洲集)(등록일:2020.04.10)
328,한국문집총간_구소집(鳩巢集)(등록일:2020.04.10)
329,한국문집총간_규정집(葵亭集)(등록일:2020.04.10)
330,한국문집총간_일봉집(一峯集)(등록일:2020.04.10)
331,한국문집총간_관란재유고(觀瀾齋遺稿)(등록일:2020.04.10)
332,한국문집총간_모암집(茅庵集)(등록일:2020.04.10)
333,한국문집총간_산택재집(山澤齋集)(등록일:2020.04.10)
334,한국문집총간_봉곡집(鳳谷集)(등록일:2020.04.10)
335,한국문집총간_송파집(松坡集)(등록일:2020.04.10)
336,한국문집총간_퇴당집(退堂集)(등록일:2020.04.10)
337,한국문집총간_설초유고(雪蕉遺稿)(등록일:2020.04.10)
338,한국문집총간_조암집(槽巖集)(등록일:2020.04.10)
339,한국문집총간_폐추유고(??遺稿)(등록일:2020.04.10)
340,한국문집총간_손암집(損庵集)(등록일:2020.04.10)
341,한국문집총간_안촌집(安村集)(등록일:2020.04.10)
342,한국문집총간_덕포유고(德浦遺稿)(등록일:2020.04.10)
343,한국문집총간_남악집(南岳集)(등록일:2020.04.10)
344,한국문집총간_구봉집(九峯集)(등록일:2020.04.10)
345,한국문집총간_쌍백당집(雙栢堂集)(등록일:2020.04.10)
346,한국문집총간_금강집(錦江集)(등록일:2020.04.10)
347,한국문집총간_약재집(約齋集)(등록일:2020.04.10)
348,한국문집총간_임호집(林湖集)(등록일:2020.04.10)
349,한국문집총간_육우당유고(六寓堂遺稿)(등록일:2020.04.10)
350,한국문집총간_동산유고(東山遺稿)(등록일:2020.04.10)
351,한국문집총간_치암집(恥菴集)(등록일:2020.04.10)
352,한국문집총간_금옹집(錦翁集)(등록일:2020.04.10)
353,한국문집총간_매간집(梅澗集)(등록일:2020.04.10)
354,한국문집총간_죽서집(竹西集)(등록일:2020.04.10)
355,한국문집총간_오아재집(??齋集)(등록일:2020.04.10)
356,한국문집총간_운포유고(雲浦遺稿)(등록일:2020.04.10)
357,한국문집총간_초암집(初菴集)(등록일:2020.04.10)
358,한국문집총간_양곡집(陽谷集)(등록일:2020.04.10)
359,한국문집총간_남포집(南圃集)(등록일:2020.04.10)
360,한국문집총간_범옹집(泛翁集)(등록일:2020.04.10)
361,한국문집총간_지촌집(芝村集)(등록일:2020.04.10)
362,한국문집총간_서암유고(西巖遺稿)(등록일:2020.04.10)
363,한국문집총간_금호유고(琴湖遺稿)(등록일:2020.04.10)
364,한국문집총간_추담집(秋潭集)(등록일:2020.04.10)
365,한국문집총간_귀암집(歸巖集)(등록일:2020.04.10)
366,한국문집총간_송계집(松溪集)(등록일:2020.04.10)
367,한국문집총간_송봉유고(松峯遺稿)(등록일:2020.04.10)
368,한국문집총간_송월재집(松月齋集)(등록일:2020.04.10)
369,한국문집총간_오탄집(梧灘集)(등록일:2020.04.10)
370,한국문집총간_석문집(石門集)(등록일:2020.04.10)
371,한국문집총간_요은집(鬧隱集)(등록일:2020.04.10)
372,한국문집총간_계와집(桂窩集)(등록일:2020.04.10)
373,한국문집총간_장육당유집(藏六堂遺集)(등록일:2020.04.10)
374,한국문집총간_석동유고(石洞遺稿)(등록일:2020.04.10)
375,한국문집총간_추담집(秋潭集)(등록일:2020.04.10)
376,한국문집총간_명곡집(明谷集)(등록일:2020.04.10)
377,한국문집총간_활재집(活齋集)(등록일:2020.04.10)
378,한국문집총간_존양재집(存養齋集)(등록일:2020.04.10)
379,한국문집총간_팔사유고(八斯遺稿)(등록일:2020.04.10)
380,한국문집총간_죽헌집(竹軒集)(등록일:2020.04.10)
381,한국문집총간_회곡집(晦谷集)(등록일:2020.04.10)
382,한국문집총간_춘소자집(春沼子集)(등록일:2020.04.10)
383,한국문집총간_죽당집(竹堂集)(등록일:2020.04.10)
384,한국문집총간_만주유집(晩洲遺集)(등록일:2020.04.10)
385,한국문집총간_팔송집(八松集)(등록일:2020.04.10)
386,한국문집총간_마경헌집(磨鏡軒集)(등록일:2020.04.10)
387,한국문집총간_무하당유고(無何堂遺稿)(등록일:2020.04.10)
388,한국문집총간_만주집(晩洲集)(등록일:2020.04.10)
389,한국문집총간_당촌집(塘村集)(등록일:2020.04.10)
390,한국문집총간_설해유고(雪海遺稿)(등록일:2020.04.10)
391,한국문집총간_이계집(伊溪集)(등록일:2020.04.10)
392,한국문집총간_낙촌집(洛村集)(등록일:2020.04.10)
393,한국문집총간_서귀유고(西歸遺藁)(등록일:2020.04.10)
394,한국문집총간_동촌유고(東村遺稿)(등록일:2020.04.10)
395,한국문집총간_백졸암집(百拙庵集)(등록일:2020.04.10)
396,한국문집총간_수현집(壽峴集)(등록일:2020.04.10)
397,한국문집총간_당계집(棠溪集)(등록일:2020.04.10)
398,한국문집총간_우천집(愚川集)(등록일:2020.04.10)
399,한국문집총간_정허당집(靜虛堂集)(등록일:2020.04.10)
400,한국문집총간_금천집(琴川集)(등록일:2020.04.10)
401,한국문집총간_구포집(鷗浦集)(등록일:2020.04.09)
402,한국문집총간_고송집(孤松集)(등록일:2020.04.09)
403,한국문집총간_청천당집(聽天堂集)(등록일:2020.04.09)
404,한국문집총간_기봉집(騏峯集)(등록일:2020.04.09)
405,한국문집총간_표은집(瓢隱集)(등록일:2020.04.09)
406,한국문집총간_사우당집(四友堂集)(등록일:2020.04.09)
407,한국문집총간_노암집(魯庵集)(등록일:2020.04.09)
408,한국문집총간_상곡집(商谷集)(등록일:2020.04.09)
409,한국문집총간_양곡유고(亮谷遺稿)(등록일:2020.04.09)
410,한국문집총간_야당유고(野塘遺稿)(등록일:2020.04.09)
411,한국문집총간_두곡집(杜谷集)(등록일:2020.04.09)
412,한국문집총간_야곡집(冶谷集)(등록일:2020.04.09)
413,한국문집총간_졸재집(拙齋集)(등록일:2020.04.09)
414,한국문집총간_계서일고(溪西逸稿)(등록일:2020.04.09)
415,한국문집총간_소전집(少?集)(등록일:2020.04.09)
416,한국문집총간_수은유집(睡隱遺集)(등록일:2020.04.09)
417,한국문집총간_석병집(石屛集)(등록일:2020.04.09)
418,한국문집총간_청봉집(晴峯集)(등록일:2020.04.09)
419,한국문집총간_송파집(松坡集)(등록일:2020.04.09)
420,한국문집총간_만사고(晩沙稿)(등록일:2020.04.09)
421,한국문집총간_창주집(滄洲集)(등록일:2020.04.09)
422,한국문집총간_소은유고(素隱遺稿)(등록일:2020.04.09)
423,한국문집총간_분서집(汾西集)(등록일:2020.04.09)
424,한국문집총간_설정시집(雪汀詩集)(등록일:2020.04.09)
425,한국문집총간_석계집(石溪集)(등록일:2020.04.09)
426,한국문집총간_우교당유고(于郊堂遺稿)(등록일:2020.04.09)
427,한국문집총간_나재집(懶齋集)(등록일:2020.04.09)
428,한국문집총간_조은집(釣隱集)(등록일:2020.04.09)
429,한국문집총간_둔계유편(遯溪遺編)(등록일:2020.04.09)
430,한국문집총간_한사집(寒沙集)(등록일:2020.04.09)
431,한국문집총간_묵수당집(?守堂集)(등록일:2020.04.09)
432,한국문집총간_둔헌집(遯軒集)(등록일:2020.04.09)
433,한국문집총간_현암유고(玄巖遺稿)(등록일:2020.04.09)
434,한국문집총간_화포유고(花浦遺稿)(등록일:2020.04.09)
435,한국문집총간_구곡시고(龜谷詩稿)(등록일:2020.04.09)
436,한국문집총간_무주일고(無住逸稿)(등록일:2020.04.09)
437,한국문집총간_임곡집(林谷集)(등록일:2020.04.09)
438,한국문집총간_백석유고(白石遺稿)(등록일:2020.04.09)
439,한국문집총간_천묵유고(天默遺稿)(등록일:2020.04.09)
440,한국문집총간_태천집(苔川集)(등록일:2020.04.09)
441,한국문집총간_청하집(靑霞集)(등록일:2020.04.09)
442,한국문집총간_남간집선(南磵集選)(등록일:2020.04.09)
443,한국문집총간_죽유시집(竹?詩集)(등록일:2020.04.09)
444,한국문집총간_백담유집(白潭遺集)(등록일:2020.04.09)
445,한국문집총간_현주집(玄洲集)(등록일:2020.04.09)
446,한국문집총간_추산집(秋山集)(등록일:2020.04.09)
447,한국문집총간_수암집(修巖集)(등록일:2020.04.09)
448,한국문집총간_죽소집(竹所集)(등록일:2020.04.09)
449,한국문집총간_수북유고(水北遺稿)(등록일:2020.04.09)
450,한국문집총간_월봉집(月峯集)(등록일:2020.04.09)
451,한국문집총간_시암집(時庵集)(등록일:2020.04.09)
452,한국문집총간_석문집(石門集)(등록일:2020.04.09)
453,한국문집총간_죽로집(竹老集)(등록일:2020.04.09)
454,한국문집총간_망와집(忘窩集)(등록일:2020.04.09)
455,한국문집총간_쌍봉집(雙峯集)(등록일:2020.04.09)
456,한국문집총간_하음집(河陰集)(등록일:2020.04.09)
457,한국문집총간_만오집(晩悟集)(등록일:2020.04.09)
458,한국문집총간_추담집(秋潭集)(등록일:2020.04.09)
459,한국문집총간_등암집(藤庵集)(등록일:2020.04.09)
460,한국문집총간_국담집(菊潭集)(등록일:2020.04.09)
461,한국문집총간_청풍자집(淸風子集)(등록일:2020.04.09)
462,한국문집총간_송죽당집(松竹堂集)(등록일:2020.04.09)
463,한국문집총간_동계집(東溪集)(등록일:2020.04.09)
464,한국문집총간_관포집(灌圃集)(등록일:2020.04.09)
465,한국문집총간_모하당집(慕夏堂集)(등록일:2020.04.09)
466,한국문집총간_금암집(琴巖集)(등록일:2020.04.09)
467,한국문집총간_운학집(雲壑集)(등록일:2020.04.09)
468,한국문집총간_송오집(松塢集)(등록일:2020.04.09)
469,한국문집총간_양직집(養直集)(등록일:2020.04.09)
470,한국문집총간_석담집(石潭集)(등록일:2020.04.09)
471,한국문집총간_장곡집(藏谷集)(등록일:2020.04.09)
472,한국문집총간_양포유고(楊浦遺藁)(등록일:2020.04.09)
473,한국문집총간_완정집(浣亭集)(등록일:2020.04.09)
474,한국문집총간_설정집(雪汀集)(등록일:2020.04.09)
475,한국문집총간_죽창유고(竹窓遺稿)(등록일:2020.04.09)
476,한국문집총간_단곡집(丹谷集)(등록일:2020.04.09)
477,한국문집총간_무민당집(无悶堂集)(등록일:2020.04.09)
478,한국문집총간_동계집(東溪集)(등록일:2020.04.09)
479,한국문집총간_습정집(習靜集)(등록일:2020.04.09)
480,한국문집총간_둔봉집(遯峯集)(등록일:2020.04.09)
481,한국문집총간_호봉집(壺峯集)(등록일:2020.04.09)
482,한국문집총간_낙서집(洛西集)(등록일:2020.04.09)
483,한국문집총간_고주집(孤舟集)(등록일:2020.04.09)
484,한국문집총간_학송집(鶴松集)(등록일:2020.04.09)
485,한국문집총간_간정집(艮庭集)(등록일:2020.04.09)
486,한국문집총간_능허집(凌虛集)(등록일:2020.04.09)
487,한국문집총간_구전집(苟全集)(등록일:2020.04.09)
488,한국문집총간_사호집(思湖集)(등록일:2020.04.09)
489,한국문집총간_죽창집(竹窓集)(등록일:2020.04.09)
490,한국문집총간_희암유고(希菴遺稿)(등록일:2020.04.09)
491,한국문집총간_양서집(?西集)(등록일:2020.04.09)
492,한국문집총간_낙애유고(洛涯遺稿)(등록일:2020.04.09)
493,한국문집총간_잠와유고(潛窩遺稿)(등록일:2020.04.09)
494,한국문집총간_동호집(東湖集)(등록일:2020.04.09)
495,한국문집총간_월봉집(月峯集)(등록일:2020.04.09)
496,한국문집총간_사촌집(沙村集)(등록일:2020.04.09)
497,한국문집총간_구봉집(九峯集)(등록일:2020.04.09)
498,한국문집총간_오봉집(梧峯集)(등록일:2020.04.09)
499,한국문집총간_성옹유고(醒翁遺稿)(등록일:2020.04.09)
500,한국문집총간_이재집(?齋集)(등록일:2020.04.09)
501,한국문집총간_죽헌집(竹軒集)(등록일:2020.04.08)
502,한국문집총간_소릉집(少陵集)(등록일:2020.04.08)
503,한국문집총간_일옹집(逸翁集)(등록일:2020.04.08)
504,한국문집총간_서담집(西潭集)(등록일:2020.04.08)
505,한국문집총간_명고집(鳴皐集)(등록일:2020.04.08)
506,한국문집총간_오한집(?漢集)(등록일:2020.04.08)
507,한국문집총간_용계유고(龍溪遺稿)(등록일:2020.04.08)
508,한국문집총간_매창집(梅窓集)(등록일:2020.04.08)
509,한국문집총간_풍암집(楓巖集)(등록일:2020.04.08)
510,한국문집총간_월간집(月澗集)(등록일:2020.04.08)
511,한국문집총간_석계집(石溪集)(등록일:2020.04.08)
512,한국문집총간_수북정집(水北亭集)(등록일:2020.04.08)
513,한국문집총간_해월집(海月集)(등록일:2020.04.08)
514,한국문집총간_가휴집(可畦集)(등록일:2020.04.08)
515,한국문집총간_귤옥졸고(橘屋拙稿)(등록일:2020.04.08)
516,한국문집총간_취사집(炊沙集)(등록일:2020.04.08)
517,한국문집총간_표옹유고(瓢翁遺稿)(등록일:2020.04.08)
518,한국문집총간_역양집(?陽集)(등록일:2020.04.08)
519,한국문집총간_근시재집(近始齋集)(등록일:2020.04.08)
520,한국문집총간_감수재집(感樹齋集)(등록일:2020.04.08)
521,한국문집총간_화곡집(禾谷集)(등록일:2020.04.08)
522,한국문집총간_서계집(西溪集)(등록일:2020.04.08)
523,한국문집총간_문월당집(問月堂集)(등록일:2020.04.08)
524,한국문집총간_모당집(慕堂集)(등록일:2020.04.08)
525,한국문집총간_유연당집(悠然堂集)(등록일:2020.04.08)
526,한국문집총간_동리집(東籬集)(등록일:2020.04.08)
527,한국문집총간_감호집(鑑湖集)(등록일:2020.04.08)
528,한국문집총간_청륙집(靑陸集)(등록일:2020.04.08)
529,한국문집총간_송소집(松巢集)(등록일:2020.04.08)
530,한국문집총간_독석집(獨石集)(등록일:2020.04.08)
531,한국문집총간_동호집(東湖集)(등록일:2020.04.08)
532,한국문집총간_낙재집(樂齋集)(등록일:2020.04.08)
533,한국문집총간_모당집(慕堂集)(등록일:2020.04.08)
534,한국문집총간_모계집(茅谿集)(등록일:2020.04.08)
535,한국문집총간_계음집(溪陰集)(등록일:2020.04.08)
536,한국문집총간_대암집(大菴集)(등록일:2020.04.08)
537,한국문집총간_서포집(西浦集)(등록일:2020.04.08)
538,한국문집총간_사촌집(沙村集)(등록일:2020.04.08)
539,한국문집총간_만퇴헌유고(晩退軒遺稿)(등록일:2020.04.08)
540,한국문집총간_북애집(北厓集)(등록일:2020.04.08)
541,한국문집총간_안촌집(安村集)(등록일:2020.04.08)
542,한국문집총간_명관유고집(冥觀遺稿集)(등록일:2020.04.08)
543,한국문집총간_만죽헌집(萬竹軒集)(등록일:2020.04.08)
544,한국문집총간_송암유고(松菴遺稿)(등록일:2020.04.08)
545,한국문집총간_죽유집(竹?集)(등록일:2020.04.08)
546,한국문집총간_회곡집(晦谷集)(등록일:2020.04.08)
547,한국문집총간_송담집(松潭集)(등록일:2020.04.08)
548,한국문집총간_상유집(桑楡集)(등록일:2020.04.08)
549,한국문집총간_하의유고(荷衣遺稿)(등록일:2020.04.08)
550,한국문집총간_동은고(?隱稿)(등록일:2020.04.08)
551,한국문집총간_성재집(惺齋集)(등록일:2020.04.08)
552,한국문집총간_오봉집(鰲峯集)(등록일:2020.04.08)
553,한국문집총간_송당집(松塘集)(등록일:2020.04.08)
554,한국문집총간_지산집(芝山集)(등록일:2020.04.08)
555,한국문집총간_남창잡고(南窓雜藁)(등록일:2020.04.08)
556,한국문집총간_개암집(開巖集)(등록일:2020.04.08)
557,한국문집총간_춘당집(春塘集)(등록일:2020.04.08)
558,한국문집총간_임연재집(臨淵齋集)(등록일:2020.04.08)
559,한국문집총간_매헌집(梅軒集)(등록일:2020.04.08)
560,한국문집총간_기봉집(岐峯集)(등록일:2020.04.08)
561,한국문집총간_청련집(靑蓮集)(등록일:2020.04.08)
562,한국문집총간_구촌집(龜村集)(등록일:2020.04.08)
563,한국문집총간_후조당집(後彫堂集)(등록일:2020.04.08)
564,한국문집총간_급고유고(汲古遺稿)(등록일:2020.04.08)
565,한국문집총간_만헌집(晩軒集)(등록일:2020.04.08)
566,한국문집총간_송파일고(松坡逸稿)(등록일:2020.04.08)
567,한국문집총간_식암집(息庵集)(등록일:2020.04.08)
568,한국문집총간_구암집(久庵集)(등록일:2020.04.08)
569,한국문집총간_숭덕재유고(崇德齋遺稿)(등록일:2020.04.08)
570,한국문집총간_회산집(檜山集)(등록일:2020.04.08)
571,한국문집총간_독암유고(獨庵遺稿)(등록일:2020.04.08)
572,한국문집총간_야계집(倻溪集)(등록일:2020.04.08)
573,한국문집총간_용암집(龍巖集)(등록일:2020.04.08)
574,한국문집총간_남천집(南川集)(등록일:2020.04.08)
575,한국문집총간_동상집(東湘集)(등록일:2020.04.08)
576,한국문집총간_운암일고(雲巖逸稿)(등록일:2020.04.08)
577,한국문집총간_선양정집(善養亭集)(등록일:2020.04.08)
578,한국문집총간_괴은유고(乖隱遺稿)(등록일:2020.04.08)
579,한국문집총간_관포시집(灌圃詩集)(등록일:2020.04.08)
580,한국문집총간_풍월정집(風月亭集)(등록일:2020.04.08)
581,한국문집총간_지지당시집(止止堂詩集)(등록일:2020.04.08)
582,한국문집총간_매헌집(梅軒集)(등록일:2020.04.08)
583,한국문집총간_죽헌유집(竹軒遺集)(등록일:2020.04.08)
584,한국문집총간_수당유집(修堂遺集)(등록일:2020.04.08)
585,한국문집총간_명미당집(明美堂集)(등록일:2020.04.08)
586,한국문집총간_무송헌집(撫松軒集)(등록일:2020.04.08)
587,한국문집총간_매천집(梅泉集)(등록일:2020.04.08)
588,한국문집총간_소호당집(韶濩堂集)(등록일:2020.04.08)
589,한국문집총간_무하옹집(無何翁集)(등록일:2020.04.08)
590,한국문집총간_이해학유서(李海鶴遺書)(등록일:2020.04.08)
591,한국문집총간_면우집(?宇集)(등록일:2020.04.08)
592,한국문집총간_암서집(巖棲集)(등록일:2020.04.08)
593,한국문집총간_간재집(艮齋集)(등록일:2020.04.08)
594,한국문집총간_창계집(滄溪集)(등록일:2020.04.08)
595,한국문집총간_만구집(晩求集)(등록일:2020.04.08)
596,한국문집총간_의암집(毅菴集)(등록일:2020.04.08)
597,한국문집총간_연재집(淵齋集)(등록일:2020.04.08)
598,한국문집총간_운양집(雲養集)(등록일:2020.04.08)
599,한국문집총간_방산집(舫山集)(등록일:2020.04.08)
600,한국문집총간_후산집(后山集)(등록일:2020.04.08)
601,한국문집총간_면암집(勉菴集)(등록일:2020.04.08)
602,한국문집총간_양원유집(陽園遺集)(등록일:2020.04.08)
603,한국문집총간_성재집(省齋集)(등록일:2020.04.08)
604,한국문집총간_물재집(勿齋集)(등록일:2020.04.08)
605,한국문집총간_미산집(眉山集)(등록일:2020.04.08)
606,한국문집총간_송사집(松沙集)(등록일:2020.04.08)
607,한국문집총간_하정집(荷亭集)(등록일:2020.04.08)
608,한국문집총간_서산집(西山集)(등록일:2020.04.08)
609,한국문집총간_중암집(重菴集)(등록일:2020.04.08)
610,한국문집총간_고환당수초(古歡堂收艸)(등록일:2020.04.08)
611,한국문집총간_한주집(寒洲集)(등록일:2020.04.08)
612,한국문집총간_규재유고(圭齋遺藁)(등록일:2020.04.08)
613,한국문집총간_사미헌집(四未軒集)(등록일:2020.04.08)
614,한국문집총간_가오고략(嘉梧藁略)(등록일:2020.04.08)
615,한국문집총간_계당집(溪堂集)(등록일:2020.04.08)
616,한국문집총간_고산집(鼓山集)(등록일:2020.04.08)
617,한국문집총간_수종재집(守宗齋集)(등록일:2020.04.08)
618,한국문집총간_하원시초(夏園詩?)(등록일:2020.04.08)
619,한국문집총간_환재집(?齋集)(등록일:2020.04.08)
620,한국문집총간_은송당집(恩誦堂集)(등록일:2020.04.08)
621,한국문집총간_숙재집(肅齋集)(등록일:2020.04.08)
622,한국문집총간_노사집(蘆沙集)(등록일:2020.04.08)
623,한국문집총간_봉서집(鳳棲集)(등록일:2020.04.08)
624,한국문집총간_성재집(性齋集)(등록일:2020.04.08)
625,한국문집총간_심암유고(心庵遺稿)(등록일:2020.04.08)
626,한국문집총간_해옹고(海翁藁)(등록일:2020.04.08)
627,한국문집총간_연파시초(蓮坡詩?)(등록일:2020.04.08)
628,한국문집총간_침계유고(?溪遺稿)(등록일:2020.04.08)
629,한국문집총간_화서집(華西集)(등록일:2020.04.08)
630,한국문집총간_담인집(澹人集)(등록일:2020.04.08)
631,한국문집총간_동번집(東樊集)(등록일:2020.04.08)
632,한국문집총간_소재집(?齋集)(등록일:2020.04.08)
633,한국문집총간_오서집(梧墅集)(등록일:2020.04.08)
634,한국문집총간_사기집(沙磯集)(등록일:2020.04.08)
635,한국문집총간_성재집(成齋集)(등록일:2020.04.08)
636,한국문집총간_완당전집(阮堂全集)(등록일:2020.04.08)
637,한국문집총간_경산집(經山集)(등록일:2020.04.08)
638,한국문집총간_과재집(果齋集)(등록일:2020.04.08)
639,한국문집총간_금곡집(錦谷集)(등록일:2020.04.08)
640,한국문집총간_운석유고(雲石遺稿)(등록일:2020.04.08)
641,한국문집총간_대산집(臺山集)(등록일:2020.04.08)
642,한국문집총간_연천집(淵泉集)(등록일:2020.04.08)
643,한국문집총간_존재집(存齋集)(등록일:2020.04.08)
644,한국문집총간_낙하생집(洛下生集)(등록일:2020.04.08)
645,한국문집총간_대연유고(岱淵遺藁)(등록일:2020.04.08)
646,한국문집총간_두실존고(斗室存稿)(등록일:2020.04.08)
647,한국문집총간_담정유고(?庭遺藁)(등록일:2020.04.08)
648,한국문집총간_정재집(定齋集)(등록일:2020.04.08)
649,한국문집총간_풍석전집(楓石全集)(등록일:2020.04.08)
650,한국문집총간_석재고(碩齋稿)(등록일:2020.04.08)
651,한국문집총간_매산집(梅山集)(등록일:2020.04.08)
652,한국문집총간_노주집(老洲集)(등록일:2020.04.08)
653,한국문집총간_강재집(剛齋集)(등록일:2020.04.08)
654,한국문집총간_이이엄집(而已?集)(등록일:2020.04.08)
655,한국문집총간_척재집(?齋集)(등록일:2020.04.08)
656,한국문집총간_죽석관유집(竹石館遺集)(등록일:2020.04.08)
657,한국문집총간_후계집(後溪集)(등록일:2020.04.08)
658,한국문집총간_사명자시집(四名子詩集)(등록일:2020.04.08)
659,한국문집총간_추재집(秋齋集)(등록일:2020.04.08)
660,한국문집총간_연경재전집(硏經齋全集)(등록일:2020.04.08)
661,한국문집총간_극원유고(?園遺稿)(등록일:2020.04.08)
662,한국문집총간_풍고집(楓皐集)(등록일:2020.04.08)
663,한국문집총간_정유각집(貞?閣集)(등록일:2020.04.08)
664,한국문집총간_여유당전서(與猶堂全書)(등록일:2020.04.08)
665,한국문집총간_명고전집(明皐全集)(등록일:2020.04.08)
666,한국문집총간_공백당집(拱白堂集)(등록일:2020.04.08)
667,한국문집총간_영재집(?齋集)(등록일:2020.04.08)
668,한국문집총간_청장관전서(靑莊館全書)(등록일:2020.04.08)
669,한국문집총간_초원유고(椒園遺藁)(등록일:2020.04.08)
670,한국문집총간_과재유고(過齋遺稿)(등록일:2020.04.08)
671,한국문집총간_금석집(錦石集)(등록일:2020.04.08)
672,한국문집총간_하려집(下廬集)(등록일:2020.04.08)
673,한국문집총간_해석유고((海石遺稿)(등록일:2020.04.08)
674,한국문집총간_금대시문초(錦帶詩文?)(등록일:2020.04.08)
675,한국문집총간_송목관신여고(松穆館燼餘稿)(등록일:2020.04.08)
676,한국문집총간_신재집(信齋集)(등록일:2020.04.08)
677,한국문집총간_홍재전서(弘齋全書)(등록일:2020.04.08)
678,한국문집총간_만각재집(?覺齋集)(등록일:2020.04.08)
679,한국문집총간_무명자집(無名子集)(등록일:2020.04.08)
680,한국문집총간_입재집(立齋集)(등록일:2020.04.08)
681,한국문집총간_묵헌집(默軒集)(등록일:2020.04.08)
682,한국문집총간_완구유집(宛丘遺集)(등록일:2020.04.08)
683,한국문집총간_능허관만고(凌虛關漫稿)(등록일:2020.04.08)
684,한국문집총간_근재집(近齋集)(등록일:2020.04.08)
685,한국문집총간_자저(自著)(등록일:2020.04.08)
686,한국문집총간_연암집(燕巖集)(등록일:2020.04.08)
687,한국문집총간_금릉집(金陵集)(등록일:2020.04.08)
688,한국문집총간_청성집(靑城集)(등록일:2020.04.08)
689,한국문집총간_석천유고(石泉遺稿)(등록일:2020.04.08)
690,한국문집총간_담헌서(湛軒書)(등록일:2020.04.08)
691,한국문집총간_수산집(修山集)(등록일:2020.04.08)
692,한국문집총간_연석(燕石)(등록일:2020.04.08)
693,한국문집총간_이재유고(?齋遺藁)(등록일:2020.04.08)
694,한국문집총간_몽오집(夢梧集)(등록일:2020.04.08)
695,한국문집총간_성담집(性潭集)(등록일:2020.04.08)
696,한국문집총간_존재집(存齋集)(등록일:2020.04.08)
697,한국문집총간_경수당전고(警修堂全藁)(등록일:2020.04.08)
698,한국문집총간_순암집(醇庵集)(등록일:2020.04.08)
699,한국문집총간_이계집(耳溪集)(등록일:2020.04.08)
700,한국문집총간_하서집(荷棲集)(등록일:2020.04.08)
701,한국문집총간_죽하집(竹下集)(등록일:2020.04.07)
702,한국문집총간_삼산재집(三山齋集)(등록일:2020.04.07)
703,한국문집총간_노애집(蘆厓集)(등록일:2020.04.07)
704,한국문집총간_해좌집(海左集)(등록일:2020.04.07)
705,한국문집총간_본암집(本庵集)(등록일:2020.04.07)
706,한국문집총간_이참봉집(李參奉集)(등록일:2020.04.07)
707,한국문집총간_쌍계유고(雙溪遺稿)(등록일:2020.04.07)
708,한국문집총간_번암집(樊巖集)(등록일:2020.04.07)
709,한국문집총간_간옹집(艮翁集)(등록일:2020.04.07)
710,한국문집총간_삽교집(?橋集)(등록일:2020.04.07)
711,한국문집총간_보만재집(保?齋集)(등록일:2020.04.07)
712,한국문집총간_풍서집(?墅集)(등록일:2020.04.07)
713,한국문집총간_소산집(小山集)(등록일:2020.04.07)
714,한국문집총간_석북집(石北集)(등록일:2020.04.07)
715,한국문집총간_여암유고(旅菴遺稿)(등록일:2020.04.07)
716,한국문집총간_재간집(在澗集)(등록일:2020.04.07)
717,한국문집총간_과암집(果菴集)(등록일:2020.04.07)
718,한국문집총간_순암집(順菴集)(등록일:2020.04.07)
719,한국문집총간_녹문집(鹿門集)(등록일:2020.04.07)
720,한국문집총간_대산집(大山集)(등록일:2020.04.07)
721,한국문집총간_한정당집(閒靜堂集)(등록일:2020.04.07)
722,한국문집총간_운평집(雲坪集)(등록일:2020.04.07)
723,한국문집총간_소곡유고(素谷遺稿)(등록일:2020.04.07)
724,한국문집총간_탄만집(????集)(등록일:2020.04.07)
725,한국문집총간_구사당집(九思堂集)(등록일:2020.04.07)
726,한국문집총간_원교집(圓嶠集)(등록일:2020.04.07)
727,한국문집총간_역천집(?泉集)(등록일:2020.04.07)
728,한국문집총간_능호집(凌壺集)(등록일:2020.04.07)
729,한국문집총간_강한집(江漢集)(등록일:2020.04.07)
730,한국문집총간_백불암집(百弗菴集)(등록일:2020.04.07)
731,한국문집총간_손재집(損齋集)(등록일:2020.04.07)
732,한국문집총간_미호집(渼湖集)(등록일:2020.04.07)
733,한국문집총간_계구암집(戒懼菴集)(등록일:2020.04.07)
734,한국문집총간_춘주유고(春洲遺稿)(등록일:2020.04.07)
735,한국문집총간_월곡집(月谷集)(등록일:2020.04.07)
736,한국문집총간_뇌연집(雷淵集)(등록일:2020.04.07)
737,한국문집총간_직암집(直菴集)(등록일:2020.04.07)
738,한국문집총간_삼산집(三山集)(등록일:2020.04.07)
739,한국문집총간_정암집(貞菴集)(등록일:2020.04.07)
740,한국문집총간_진암집(晉菴集)(등록일:2020.04.07)
741,한국문집총간_오천집(梧川集)(등록일:2020.04.07)
742,한국문집총간_귀록집(歸鹿集)(등록일:2020.04.07)
743,한국문집총간_회헌집(悔軒集)(등록일:2020.04.07)
744,한국문집총간_약산만고(藥山漫稿)(등록일:2020.04.07)
745,한국문집총간_동계집(東谿集)(등록일:2020.04.07)
746,한국문집총간_몽예집(夢?集)(등록일:2020.04.07)
747,한국문집총간_강좌집(江左集)(등록일:2020.04.07)
748,한국문집총간_지수재집(知守齋集)(등록일:2020.04.07)
749,한국문집총간_관양집(冠陽集)(등록일:2020.04.07)
750,한국문집총간_입재유고(立齋遺稿)(등록일:2020.04.07)
751,한국문집총간_저촌유고(樗村遺稿)(등록일:2020.04.06)
752,한국문집총간_제산집(霽山集)(등록일:2020.04.06)
753,한국문집총간_노촌집(老村集)(등록일:2020.04.06)
754,한국문집총간_숭악집(崧岳集)(등록일:2020.04.06)
755,한국문집총간_화곡집(華谷集)(등록일:2020.04.06)
756,한국문집총간_관복암시고(觀復菴詩稿)(등록일:2020.04.06)
757,한국문집총간_남당집(南塘集)(등록일:2020.04.06)
758,한국문집총간_일암유고(一庵遺稿)(등록일:2020.04.06)
759,한국문집총간_봉암집(鳳巖集)(등록일:2020.04.06)
760,한국문집총간_병계집(屛溪集)(등록일:2020.04.06)
761,한국문집총간_청천집(靑泉集)(등록일:2020.04.06)
762,한국문집총간_성호전집(星湖全集)(등록일:2020.04.06)
763,한국문집총간_완암집(浣巖集)(등록일:2020.04.06)
764,한국문집총간_여호집(黎湖集)(등록일:2020.04.06)
765,한국문집총간_도암집(陶菴集)(등록일:2020.04.06)
766,한국문집총간_포암집(圃巖集)(등록일:2020.04.06)
767,한국문집총간_치헌집(癡軒集)(등록일:2020.04.06)
768,한국문집총간_학암집(鶴巖集)(등록일:2020.04.06)
769,한국문집총간_백하집(白下集)(등록일:2020.04.06)
770,한국문집총간_서암집(恕菴集)(등록일:2020.04.06)
771,한국문집총간_백일헌유집(白日軒遺集)(등록일:2020.04.06)
772,한국문집총간_관봉유고(冠峯遺稿)(등록일:2020.04.06)
773,한국문집총간_외암유고(巍巖遺稿)(등록일:2020.04.06)
774,한국문집총간_경암유고(敬庵遺稿)(등록일:2020.04.06)
775,한국문집총간_병곡집(屛谷集)(등록일:2020.04.06)
776,한국문집총간_눌은집(訥隱集)(등록일:2020.04.06)
777,한국문집총간_내재집(耐齋集)(등록일:2020.04.06)
778,한국문집총간_서당사재(西堂私載)(등록일:2020.04.06)
779,한국문집총간_두타초(頭陀草)(등록일:2020.04.06)
780,한국문집총간_도운유집(陶雲遺集)(등록일:2020.04.06)
781,한국문집총간_겸재집(謙齋集)(등록일:2020.04.06)
782,한국문집총간_북헌집(北軒集)(등록일:2020.04.06)
783,한국문집총간_곤륜집(昆侖集)(등록일:2020.04.06)
784,한국문집총간_희암집(希菴集)(등록일:2020.04.06)
785,한국문집총간_극재집(克齋集)(등록일:2020.04.06)
786,한국문집총간_(도곡집(陶谷集)등록일:2020.04.06)
787,한국문집총간_돈와유고(遯窩遺稿)(등록일:2020.04.06)
788,한국문집총간_덕촌집(德村集)(등록일:2020.04.06)
789,한국문집총간_송암집(松巖集)(등록일:2020.04.06)
790,한국문집총간_식산집(息山集)(등록일:2020.04.06)
791,한국문집총간_기원집(杞園集)(등록일:2020.04.06)
792,한국문집총간_병산집(屛山集)(등록일:2020.04.06)
793,한국문집총간_포음집(圃陰集)(등록일:2020.04.06)
794,한국문집총간_수곡집(壽谷集)(등록일:2020.04.06)
795,한국문집총간_이우당집(二憂堂集)(등록일:2020.04.06)
796,한국문집총간_옥천집(玉川集)(등록일:2020.04.06)
797,한국문집총간_노가재집(老稼齋集)(등록일:2020.04.06)
798,한국문집총간_죽천집(竹泉集)(등록일:2020.04.06)
799,한국문집총간_한포재집(寒圃齋集)(등록일:2020.04.06)
800,한국문집총간_명암집(鳴巖集)(등록일:2020.04.06)
801,한국문집총간_소재집(疎齋集)(등록일:2020.04.03)
802,한국문집총간_회와시고(晦窩詩稿)(등록일:2020.04.03)
803,한국문집총간_옥오재집(玉吾齋集)(등록일:2020.04.03)
804,한국문집총간_손재집(遜齋集)(등록일:2020.04.03)
805,한국문집총간_창설재집(蒼雪齋集)(등록일:2020.04.03)
806,한국문집총간_경연당집(景淵堂集)(등록일:2020.04.03)
807,한국문집총간_정재집(定齋集)(등록일:2020.04.03)
808,한국문집총간_유하집(柳下集)(등록일:2020.04.03)
809,한국문집총간_손와유고(損窩遺稿)(등록일:2020.04.03)
810,한국문집총간_삼연집(三淵集)(등록일:2020.04.03)
811,한국문집총간_약헌집(約軒集)(등록일:2020.04.03)
812,한국문집총간_만정당집(晩靜堂集)(등록일:2020.04.03)
813,한국문집총간_농암집(農巖集)(등록일:2020.04.03)
814,한국문집총간_밀암집(密菴集)(등록일:2020.04.03)
815,한국문집총간_간재집(艮齋集)(등록일:2020.04.03)
816,한국문집총간_창계집(滄溪集)(등록일:2020.04.03)
817,한국문집총간_갑봉유고(甲峰遺稿)(등록일:2020.04.03)
818,한국문집총간_일암집(一庵集)(등록일:2020.04.03)
819,한국문집총간_몽와집(夢窩集)(등록일:2020.04.03)
820,한국문집총간_장암집(丈巖集)(등록일:2020.04.03)
821,한국문집총간_유재집(游齋集)(등록일:2020.04.03)
822,한국문집총간_후재집(厚齋集)(등록일:2020.04.03)
823,한국문집총간_명곡집(明谷集)(등록일:2020.04.03)
824,한국문집총간_수곡집(睡谷集)(등록일:2020.04.03)
825,한국문집총간_서파집(西坡集)(등록일:2020.04.03)
826,한국문집총간_하당집(荷塘集)(등록일:2020.04.03)
827,한국문집총간_병와집(甁窩集)(등록일:2020.04.03)
828,한국문집총간_학암집(鶴庵集)(등록일:2020.04.03)
829,한국문집총간_지촌집(芝村集)(등록일:2020.04.03)
830,한국문집총간_한수재집(寒水齋集)(등록일:2020.04.03)
831,한국문집총간_하곡집(霞谷集)(등록일:2020.04.03)
832,한국문집총간_염헌집(恬軒集)(등록일:2020.04.03)
833,한국문집총간_서포집(西浦集)(등록일:2020.04.03)
834,한국문집총간_우재집(迂齋集)(등록일:2020.04.03)
835,한국문집총간_직재집(直齋集)(등록일:2020.04.03)
836,한국문집총간_졸수재집(拙修齋集)(등록일:2020.04.03)
837,한국문집총간_우헌집(寓軒集)(등록일:2020.04.03)
838,한국문집총간_우사집(雩沙集)(등록일:2020.04.03)
839,한국문집총간_성재유고(醒齋遺稿)(등록일:2020.04.03)
840,한국문집총간_식암유고(息庵遺稿)(등록일:2020.04.03)
841,한국문집총간_서석집(瑞石集)(등록일:2020.04.03)
842,한국문집총간_서하집(西河集)(등록일:2020.04.03)
843,한국문집총간_지호집(芝湖集)(등록일:2020.04.03)
844,한국문집총간_수촌집(水村集)(등록일:2020.04.03)
845,한국문집총간_남계집(南溪集)(등록일:2020.04.03)
846,한국문집총간_항재집(恒齋集)(등록일:2020.04.03)
847,한국문집총간_제월당집(霽月堂集)(등록일:2020.04.03)
848,한국문집총간_문정공유고(文貞公遺稿)(등록일:2020.04.03)
849,한국문집총간_수촌집(水村集)(등록일:2020.04.03)
850,한국문집총간_농은유고(農隱遺稿)(등록일:2020.04.03)
851,한국문집총간_명재유고(明齋遺稿)(등록일:2020.04.02)
852,한국문집총간_우헌집(寓軒集)(등록일:2020.04.02)
853,한국문집총간_서계집(西溪集)(등록일:2020.04.02)
854,한국문집총간_문곡집(文谷集)(등록일:2020.04.02)
855,한국문집총간_약천집(藥泉集)(등록일:2020.04.02)
856,한국문집총간_호곡집(壺谷集)(등록일:2020.04.02)
857,한국문집총간_분애유고(汾厓遺稿)(등록일:2020.04.02)
858,한국문집총간_정관재집(靜觀齋集)(등록일:2020.04.02)
859,한국문집총간_노봉집(老峯集)(등록일:2020.04.02)
860,한국문집총간_갈암집(葛庵集)(등록일:2020.04.02)
861,한국문집총간_월주집(月洲集)(등록일:2020.04.02)
862,한국문집총간_퇴우당집(退憂堂集)(등록일:2020.04.02)
863,한국문집총간_우담집(愚潭集)(등록일:2020.04.02)
864,한국문집총간_고산집(孤山集)(등록일:2020.04.02)
865,한국문집총간_외재집(畏齋集)(등록일:2020.04.02)
866,한국문집총간_곡운집(谷雲集)(등록일:2020.04.02)
867,한국문집총간_목재집(木齋集)(등록일:2020.04.02)
868,한국문집총간_타우유고(打愚遺稿)(등록일:2020.04.02)
869,한국문집총간_백호집(白湖集)(등록일:2020.04.02)
870,한국문집총간_동리집(東里集)(등록일:2020.04.02)
871,한국문집총간_존재집(存齋集)(등록일:2020.04.02)
872,한국문집총간_야당유고(野堂遺稿)(등록일:2020.04.02)
873,한국문집총간_귀계유고(歸溪遺稿)(등록일:2020.04.02)
874,한국문집총간_규창유고(葵窓遺稿)(등록일:2020.04.02)
875,한국문집총간_육곡유고(六谷遺稿)(등록일:2020.04.02)
876,한국문집총간_구당집(久堂集)(등록일:2020.04.02)
877,한국문집총간_창주유고(滄洲遺稿)(등록일:2020.04.02)
878,한국문집총간_송곡집(松谷集)(등록일:2020.04.02)
879,한국문집총간_청계집(淸溪集)(등록일:2020.04.02)
880,한국문집총간_충렬공유고(忠烈公遺稿)(등록일:2020.04.02)
881,한국문집총간_초려집(草廬集)(등록일:2020.04.02)
882,한국문집총간_시남집(市南集)(등록일:2020.04.02)
883,한국문집총간_노서유고(魯西遺稿)(등록일:2020.04.02)
884,한국문집총간_동춘당집(同春堂集)(등록일:2020.04.02)
885,한국문집총간_석호유고(石湖遺稿)(등록일:2020.04.02)
886,한국문집총간_동강유집(東江遺集)(등록일:2020.04.02)
887,한국문집총간_탄옹집(炭翁集)(등록일:2020.04.02)
888,한국문집총간_낙정집(樂靜集)(등록일:2020.04.02)
889,한국문집총간_백곡집(柏谷集)(등록일:2020.04.02)
890,한국문집총간_만랑집(漫浪集)(등록일:2020.04.02)
891,한국문집총간_설봉유고(雪峯遺稿)(등록일:2020.04.02)
892,한국문집총간_송자대전(宋子大全)(등록일:2020.04.02)
893,한국문집총간_양파유고(陽坡遺稿)(등록일:2020.04.02)
894,한국문집총간_학주전집(鶴洲全集)(등록일:2020.04.02)
895,한국문집총간_포옹집(抱翁集)(등록일:2020.04.02)
896,한국문집총간_호주집(湖洲集)(등록일:2020.04.02)
897,한국문집총간_용서집(龍西集)(등록일:2020.04.02)
898,한국문집총간_현주집(玄洲集)(등록일:2020.04.02)
899,한국문집총간_태계집(台溪集)(등록일:2020.04.02)
900,한국문집총간_남파집(南坡集)(등록일:2020.04.02)
901,한국문집총간_가주집(家州集)(등록일:2020.04.01)
902,한국문집총간_동명집(東溟集)(등록일:2020.04.01)
903,한국문집총간_송애집(松崖集)(등록일:2020.04.01)
904,한국문집총간_동토집(童土集)(등록일:2020.04.01)
905,한국문집총간_백원집(百源集)(등록일:2020.04.01)
906,한국문집총간_기언(記言)(등록일:2020.04.01)
907,한국문집총간_백주집(白洲集)(등록일:2020.04.01)
908,한국문집총간_겸재집(謙齋集)(등록일:2020.04.01)
909,한국문집총간_백헌집(白軒集)(등록일:2020.04.01)
910,한국문집총간_경와집(敬窩集)(등록일:2020.04.01)
911,한국문집총간_동명집(東溟集)(등록일:2020.04.01)
912,한국문집총간_천파집(天坡集)(등록일:2020.04.01)
913,한국문집총간_행명재시집(?溟齋詩集)(등록일:2020.04.01)
914,한국문집총간_동주집(東州集)(등록일:2020.04.01)
915,한국문집총간_현곡집(玄谷集)(등록일:2020.04.01)
916,한국문집총간_낙전당집(樂全堂集)(등록일:2020.04.01)
917,한국문집총간_계곡집(谿谷集)(등록일:2020.04.01)
918,한국문집총간_고산유고(孤山遺稿)(등록일:2020.04.01)
919,한국문집총간_학사집(鶴沙集)(등록일:2020.04.01)
920,한국문집총간_돈암전서(遯菴全書)(등록일:2020.04.01)
921,한국문집총간_용주유고(龍洲遺稿)(등록일:2020.04.01)
922,한국문집총간_지천집(遲川集)(등록일:2020.04.01)
923,한국문집총간_택당집(澤堂集)(등록일:2020.04.01)
924,한국문집총간_기암집(畸庵集)(등록일:2020.04.01)
925,한국문집총간_월당집(月塘集)(등록일:2020.04.01)
926,한국문집총간_잠곡유고(潛谷遺稿)(등록일:2020.04.01)
927,한국문집총간_포저집(浦渚集)(등록일:2020.04.01)
928,한국문집총간_백강집(白江集)(등록일:2020.04.01)
929,한국문집총간_간송집(澗松集)(등록일:2020.04.01)
930,한국문집총간_죽남당고(竹南堂稿)(등록일:2020.04.01)
931,한국문집총간_후천집(朽淺集)(등록일:2020.04.01)
932,한국문집총간_휴옹집(休翁集)(등록일:2020.04.01)
933,한국문집총간_계암집(溪巖集)(등록일:2020.04.01)
934,한국문집총간_청사집(晴沙集)(등록일:2020.04.01)
935,한국문집총간_소암집(疎菴集)(등록일:2020.04.01)
936,한국문집총간_만운집(晩雲集)(등록일:2020.04.01)
937,한국문집총간_죽음집(竹陰集)(등록일:2020.04.01)
938,한국문집총간_다산집(茶山集)(등록일:2020.04.01)
939,한국문집총간_신독재유고(愼獨齋遺稿)(등록일:2020.04.01)
940,한국문집총간_화당집(化堂集)(등록일:2020.04.01)
941,한국문집총간_해봉집(海峯集)(등록일:2020.04.01)
942,한국문집총간_자암집(紫巖集)(등록일:2020.04.01)
943,한국문집총간_학천집(鶴泉集)(등록일:2020.04.01)
944,한국문집총간_은봉전서(隱峯全書)(등록일:2020.04.01)
945,한국문집총간_잠야집(潛冶集)(등록일:2020.04.01)
946,한국문집총간_학호집(鶴湖集)(등록일:2020.04.01)
947,한국문집총간_학곡집(鶴谷集)(등록일:2020.04.01)
948,한국문집총간_현주집(玄洲集)(등록일:2020.04.01)
949,한국문집총간_구원집(九?集)(등록일:2020.04.01)
950,한국문집총간_북저집(北渚集)(등록일:2020.04.01)
951,한국문집총간_동악집(東岳集)(등록일:2020.03.31)
952,한국문집총간_경정집(敬亭集)(등록일:2020.03.31)
953,한국문집총간_청음집(淸陰集)(등록일:2020.03.31)
954,한국문집총간_만회집(晩悔集)(등록일:2020.03.31)
955,한국문집총간_남파상국집(南坡相國集)(등록일:2020.03.31)
956,한국문집총간_동계집(桐溪集)(등록일:2020.03.31)
957,한국문집총간_석주집(石洲集)(등록일:2020.03.31)
958,한국문집총간_벽오유고(碧梧遺稿)(등록일:2020.03.31)
959,한국문집총간_성소부부고(惺所覆?藁)(등록일:2020.03.31)
960,한국문집총간_경암집(敬菴集)(등록일:2020.03.31)
961,한국문집총간_제호집(霽湖集)(등록일:2020.03.31)
962,한국문집총간_현곡집(玄谷集)(등록일:2020.03.31)
963,한국문집총간_상촌고(象村稿)(등록일:2020.03.31)
964,한국문집총간_금계집(錦溪集)(등록일:2020.03.31)
965,한국문집총간_취흘집(醉吃集)(등록일:2020.03.31)
966,한국문집총간_수은집(睡隱集)(등록일:2020.03.31)
967,한국문집총간_석루유고(石樓遺稿)(등록일:2020.03.31)
968,한국문집총간_월사집(月沙集)(등록일:2020.03.31)
969,한국문집총간_경당집(敬堂集)(등록일:2020.03.31)
970,한국문집총간_수색집(水色集)(등록일:2020.03.31)
971,한국문집총간_농포집(農圃集)(등록일:2020.03.31)
972,한국문집총간_우복집(愚伏集)(등록일:2020.03.31)
973,한국문집총간_난설헌시집(蘭雪軒詩集)(등록일:2020.03.31)
974,한국문집총간_수몽집(守夢集)(등록일:2020.03.31)
975,한국문집총간_인재집(?齋集)(등록일:2020.03.31)
976,한국문집총간_체소집(體素集)(등록일:2020.03.31)
977,한국문집총간_지봉집(芝峯集)(등록일:2020.03.31)
978,한국문집총간_추포집(秋浦集)(등록일:2020.03.31)
979,한국문집총간_노계집(蘆溪集)(등록일:2020.03.31)
980,한국문집총간_창석집(蒼石集)(등록일:2020.03.31)
981,한국문집총간_추탄집(秋灘集)(등록일:2020.03.31)
982,한국문집총간_창랑집(滄浪集)(등록일:2020.03.31)
983,한국문집총간_어우집(於于集)(등록일:2020.03.31)
984,한국문집총간_외재집(畏齋集)(등록일:2020.03.31)
985,한국문집총간_약봉유고(藥峯遺稿)(등록일:2020.03.31)
986,한국문집총간_유천유고(柳川遺稿)(등록일:2020.03.31)
987,한국문집총간_백사집(白沙集)(등록일:2020.03.31)
988,한국문집총간_금역당집(琴易堂集)(등록일:2020.03.31)
989,한국문집총간_오산집(五山集)(등록일:2020.03.31)
990,한국문집총간_계은유고(溪隱遺稿)(등록일:2020.03.31)
991,한국문집총간_선원유고(仙源遺稿)(등록일:2020.03.31)
992,한국문집총간_한음문고(漢陰文稿)(등록일:2020.03.31)
993,한국문집총간_검간집(黔澗集)(등록일:2020.03.31)
994,한국문집총간_송정집(松亭集)(등록일:2020.03.31)
995,한국문집총간_손곡시집(蓀谷詩集)(등록일:2020.03.31)
996,한국문집총간_사서집(沙西集)(등록일:2020.03.31)
997,한국문집총간_백졸재유고(百拙齋遺稿)(등록일:2020.03.31)
998,한국문집총간_운천집(雲川集)(등록일:2020.03.31)
999,한국문집총간_여헌집(旅軒集)(등록일:2020.03.31)
1000,한국문집총간_오봉집(五峯集)(등록일:2020.03.31)
1001,한국문집총간_태촌집(泰村集)(등록일:2020.03.30)
1002,한국문집총간_구암유고(久菴遺稿)(등록일:2020.03.30)
1003,한국문집총간_만취집(晩翠集)(등록일:2020.03.30)
1004,한국문집총간_태천집(苔泉集)(등록일:2020.03.30)
1005,한국문집총간_망우집(忘憂集)(등록일:2020.03.30)
1006,한국문집총간_천곡집(泉谷集)(등록일:2020.03.30)
1007,한국문집총간_임백호집(林白湖集)(등록일:2020.03.30)
1008,한국문집총간_지퇴당집(知退堂集)(등록일:2020.03.30)
1009,한국문집총간_서경집(西坰集)(등록일:2020.03.30)
1010,한국문집총간_하곡집(荷谷集)(등록일:2020.03.30)
1011,한국문집총간_악록집(岳麓集)(등록일:2020.03.30)
1012,한국문집총간_일송집(一松集)(등록일:2020.03.30)
1013,한국문집총간_사계유고(沙溪遺稿)(등록일:2020.03.30)
1014,한국문집총간_오리집(梧里集)(등록일:2020.03.30)
1015,한국문집총간_용담집(龍潭集)(등록일:2020.03.30)
1016,한국문집총간_부사집(浮査集)(등록일:2020.03.30)
1017,한국문집총간_지헌집(芝軒集)(등록일:2020.03.30)
1018,한국문집총간_지산집(芝山集)(등록일:2020.03.30)
1019,한국문집총간_이충무공전서(李忠武公全書)(등록일:2020.03.30)
1020,한국문집총간_촌은집(村隱集)(등록일:2020.03.30)
1021,한국문집총간_중봉집(重峰集)(등록일:2020.03.30)
1022,한국문집총간_송암집(松巖集)(등록일:2020.03.30)
1023,한국문집총간_한강집(寒岡集)(등록일:2020.03.30)
1024,한국문집총간_청계집(靑溪集)(등록일:2020.03.30)
1025,한국문집총간_고담일고(孤潭逸稿)(등록일:2020.03.30)
1026,한국문집총간_옥산시고(玉山詩稿)(등록일:2020.03.30)
1027,한국문집총간_서애집(西厓集)(등록일:2020.03.30)
1028,한국문집총간_풍애집(楓崖集)(등록일:2020.03.30)
1029,한국문집총간_만전집(晩全集)(등록일:2020.03.30)
1030,한국문집총간_사류재집(四留齋集)(등록일:2020.03.30)
1031,한국문집총간_간재집(艮齋集)(등록일:2020.03.30)
1032,한국문집총간_송애집(松崖集)(등록일:2020.03.30)
1033,한국문집총간_동강집(東岡集)(등록일:2020.03.30)
1034,한국문집총간_백암집(柏巖集)(등록일:2020.03.30)
1035,한국문집총간_고죽유고(孤竹遺稿)(등록일:2020.03.30)
1036,한국문집총간_간이집(簡易集)(등록일:2020.03.30)
1037,한국문집총간_파곡유고(坡谷遺稿)(등록일:2020.03.30)
1038,한국문집총간_겸암집(謙菴集)(등록일:2020.03.30)
1039,한국문집총간_백곡집(栢谷集)(등록일:2020.03.30)
1040,한국문집총간_각재집(覺齋集)(등록일:2020.03.30)
1041,한국문집총간_아계유고(鵝溪遺稿)(등록일:2020.03.30)
1042,한국문집총간_대소헌일고(大笑軒逸稿)(등록일:2020.03.30)
1043,한국문집총간_학봉집(鶴峯集)(등록일:2020.03.30)
1044,한국문집총간_월정집(月汀集)(등록일:2020.03.30)
1045,한국문집총간_옥봉집(玉峯集)(등록일:2020.03.30)
1046,한국문집총간_건재집(健齋集)(등록일:2020.03.30)
1047,한국문집총간_졸옹집(拙翁集)(등록일:2020.03.30)
1048,한국문집총간_송강집(松江集)(등록일:2020.03.30)
1049,한국문집총간_약포유고(藥圃遺稿)(등록일:2020.03.30)
1050,한국문집총간_율곡전서(栗谷全書)(등록일:2020.03.30)
1051,한국문집총간_내암집(來庵集)(등록일:2020.03.26)
1052,한국문집총간_우계집(牛溪集)(등록일:2020.03.26)
1053,한국문집총간_구봉집(龜峯集)(등록일:2020.03.26)
1054,한국문집총간_초간집(草澗集)(등록일:2020.03.26)
1055,한국문집총간_문봉집(文峯集)(등록일:2020.03.26)
1056,한국문집총간_제봉집(霽峯集)(등록일:2020.03.26)
1057,한국문집총간_청강집(淸江集)(등록일:2020.03.26)
1058,한국문집총간_오음유고(梧陰遺稿)(등록일:2020.03.26)
1059,한국문집총간_지천집(芝川集)(등록일:2020.03.26)
1060,한국문집총간_백록유고(白麓遺稿)(등록일:2020.03.26)
1061,한국문집총간_성암유고(省菴遺稿)(등록일:2020.03.26)
1062,한국문집총간_송암집(松巖集)(등록일:2020.03.26)
1063,한국문집총간_설월당집(雪月堂集)(등록일:2020.03.26)
1064,한국문집총간_팔곡집(八谷集)(등록일:2020.03.26)
1065,한국문집총간_고봉집(高峯集)(등록일:2020.03.26)
1066,한국문집총간_약포집(藥圃集)(등록일:2020.03.26)
1067,한국문집총간_죽천집(竹川集)(등록일:2020.03.26)
1068,한국문집총간_옥동집(玉洞集)(등록일:2020.03.26)
1069,한국문집총간_백담집(栢潭集)(등록일:2020.03.26)
1070,한국문집총간_우득록(愚得錄)(등록일:2020.03.26)
1071,한국문집총간_물암집(勿巖集)(등록일:2020.03.26)
1072,한국문집총간_월천집(月川集)(등록일:2020.03.26)
1073,한국문집총간_사암집(思菴集)(등록일:2020.03.26)
1074,한국문집총간_고청유고(孤靑遺稿)(등록일:2020.03.26)
1075,한국문집총간_개암집(介庵集)(등록일:2020.03.26)
1076,한국문집총간_덕계집(德溪集)(등록일:2020.03.26)
1077,한국문집총간_습재집(習齋集)(등록일:2020.03.26)
1078,한국문집총간_금계집(錦溪集)(등록일:2020.03.26)
1079,한국문집총간_초당집(草堂集)(등록일:2020.03.26)
1080,한국문집총간_첨모당집(瞻慕堂集)(등록일:2020.03.26)
1081,한국문집총간_동원집(東園集)(등록일:2020.03.26)
1082,한국문집총간_토정유고(土亭遺稿)(등록일:2020.03.26)
1083,한국문집총간_송천유집(松川遺集)(등록일:2020.03.26)
1084,한국문집총간_봉래시집(蓬萊詩集)(등록일:2020.03.26)
1085,한국문집총간_소고집(嘯皐集)(등록일:2020.03.26)
1086,한국문집총간_청천당시집(聽天堂詩集)(등록일:2020.03.26)
1087,한국문집총간_이암유고(?庵遺稿)(등록일:2020.03.26)
1088,한국문집총간_치재유고(?齋遺稿)(등록일:2020.03.26)
1089,한국문집총간_임당유고(林塘遺稿)(등록일:2020.03.26)
1090,한국문집총간_소재집(?齋集)(등록일:2020.03.26)
1091,한국문집총간_국간집(菊磵集)(등록일:2020.03.26)
1092,한국문집총간_미암집(眉巖集)(등록일:2020.03.26)
1093,한국문집총간_주천유고(舟川遺稿)(등록일:2020.03.26)
1094,한국문집총간_옥계집(玉溪集)(등록일:2020.03.26)
1095,한국문집총간_수암유고(守庵遺稿)(등록일:2020.03.26)
1096,한국문집총간_유헌집(游軒集)(등록일:2020.03.26)
1097,한국문집총간_구암집(龜巖集)(등록일:2020.03.26)
1098,한국문집총간_부훤당유고(負暄堂遺稿)(등록일:2020.03.26)
1099,한국문집총간_우암유집(寓庵遺集)(등록일:2020.03.26)
1100,한국문집총간_하서전집(河西全集)(등록일:2020.03.26)
1101,한국문집총간_십성당집(十省堂集)(등록일:2020.03.26)
1102,한국문집총간_추파집(秋坡集)(등록일:2020.03.26)
1103,한국문집총간_인재집(忍齋集)(등록일:2020.03.26)
1104,한국문집총간_간재집(艮齋集)(등록일:2020.03.26)
1105,한국문집총간_남명집(南冥集)(등록일:2020.03.26)
1106,한국문집총간_퇴계집(退溪集)(등록일:2020.03.26)
1107,한국문집총간_갈천집(葛川集)(등록일:2020.03.26)
1108,한국문집총간_일재집(一齋集)(등록일:2020.03.26)
1109,한국문집총간_동고유고(東皐遺稿)(등록일:2020.03.26)
1110,한국문집총간_금호유고(錦湖遺稿)(등록일:2020.03.26)
1111,한국문집총간_장음정유고(長吟亭遺稿)(등록일:2020.03.25)
1112,한국문집총간_석천시집(石川詩集)(등록일:2020.03.25)
1113,한국문집총간_용문집(龍門集)(등록일:2020.03.25)
1114,한국문집총간_온계일고(溫溪逸稿)(등록일:2020.03.25)
1115,한국문집총간_무릉잡고(武陵雜稿)(등록일:2020.03.25)
1116,한국문집총간_잠암일고(潛庵逸稿)(등록일:2020.03.25)
1117,한국문집총간_송재유고(松齋遺稿)(등록일:2020.03.25)
1118,한국문집총간_면앙집(?仰集)(등록일:2020.03.25)
1119,한국문집총간_대곡집(大谷集)(등록일:2020.03.25)
1120,한국문집총간_청송집(聽松集)(등록일:2020.03.25)
1121,한국문집총간_범허정집(泛虛亭集)(등록일:2020.03.25)
1122,한국문집총간_입암집(立巖集)(등록일:2020.03.25)
1123,한국문집총간_양심당집(養心堂集)(등록일:2020.03.25)
1124,한국문집총간_덕양유고(德陽遺稿)(등록일:2020.03.25)
1125,한국문집총간_호음잡고(湖陰雜稿)(등록일:2020.03.25)
1126,한국문집총간_회재집(晦齋集)(등록일:2020.03.25)
1127,한국문집총간_화담집(花潭集)(등록일:2020.03.25)
1128,한국문집총간_자암집(自菴集)(등록일:2020.03.25)
1129,한국문집총간_어촌집(漁村集)(등록일:2020.03.25)
1130,한국문집총간_규암집(圭菴集)(등록일:2020.03.25)
1131,한국문집총간_송재집(松齋集)(등록일:2020.03.25)
1132,한국문집총간_양곡집(陽谷集)(등록일:2020.03.25)
1133,한국문집총간_충암집(?庵集)(등록일:2020.03.25)
1134,한국문집총간_사재집(思齋集)(등록일:2020.03.25)
1135,한국문집총간_기재집(企齋集)(등록일:2020.03.25)
1136,한국문집총간_월연집(月淵集)(등록일:2020.03.25)
1137,한국문집총간_정암집(靜菴集)(등록일:2020.03.25)
1138,한국문집총간_희락당고(希樂堂稿)(등록일:2020.03.25)
1139,한국문집총간_학포집(學圃集)(등록일:2020.03.25)
1140,한국문집총간_음애집(陰崖集)(등록일:2020.03.25)
1141,한국문집총간_읍취헌유고(?翠軒遺稿)(등록일:2020.03.25)
1142,한국문집총간_용재집(容齋集)(등록일:2020.03.25)
1143,한국문집총간_묵재집(默齋集)(등록일:2020.03.25)
1144,한국문집총간_대관재난고(大觀齋亂稿)(등록일:2020.03.25)
1145,한국문집총간_눌재집(訥齋集)(등록일:2020.03.25)
1146,한국문집총간_우정집(憂亭集)(등록일:2020.03.25)
1147,한국문집총간_안분당시집(安分堂詩集)(등록일:2020.03.25)
1148,한국문집총간_우암고(寓菴稿)(등록일:2020.03.25)
1149,한국문집총간_이평사집(李評事集)(등록일:2020.03.25)
1150,한국문집총간_송당집(松堂集)(등록일:2020.03.25)
1151,한국문집총간_허암유집(虛庵遺集)(등록일:2020.03.25)
1152,한국문집총간_송재집(松齋集)(등록일:2020.03.25)
1153,한국문집총간_충재집(?齋集)(등록일:2020.03.25)
1154,한국문집총간_망헌유고(忘軒遺稿)(등록일:2020.03.25)
1155,한국문집총간_농암집(聾巖集)(등록일:2020.03.25)
1156,한국문집총간_수헌집(睡軒集)(등록일:2020.03.25)
1157,한국문집총간_모재집(慕齋集)(등록일:2020.03.25)
1158,한국문집총간_탁영집(濯纓集)(등록일:2020.03.25)
1159,한국문집총간_목계일고(木溪逸稿)(등록일:2020.03.25)
1160,한국문집총간_십청집(十淸集)(등록일:2020.03.25)
1161,한국문집총간_이요정집(二樂亭集)(등록일:2020.03.25)
1162,한국문집총간_정문익공유고(鄭文翼公遺稿)(등록일:2020.03.25)
1163,한국문집총간_용재유고(?齋遺稿)(등록일:2020.03.25)
1164,한국문집총간_산당집(山堂集)(등록일:2020.03.25)
1165,한국문집총간_사우정집(四雨亭集)(등록일:2020.03.25)
1166,한국문집총간_금남집(錦南集)(등록일:2020.03.25)
1167,한국문집총간_매계집(梅溪集)(등록일:2020.03.25)
1168,한국문집총간_추강집(秋江集)(등록일:2020.03.25)
1169,한국문집총간_허백정집(虛白亭集)(등록일:2020.03.25)
1170,한국문집총간_재사당일집(再思堂逸集)(등록일:2020.03.25)
1171,한국문집총간_월헌집(月軒集)(등록일:2020.03.25)
1172,한국문집총간_남계집(藍溪集)(등록일:2020.03.25)
1173,한국문집총간_연헌잡고(蓮軒雜稿)(등록일:2020.03.25)
1174,한국문집총간_안락당집(顔樂堂集)(등록일:2020.03.25)
1175,한국문집총간_뇌계집(?谿集)(등록일:2020.03.25)
1176,한국문집총간_격재집(格齋集)(등록일:2020.03.25)
1177,한국문집총간_일두집(一?集)(등록일:2020.03.25)
1178,한국문집총간_대봉집(大峯集)(등록일:2020.03.25)
1179,한국문집총간_허백당집(虛白堂集)(등록일:2020.03.25)
1180,한국문집총간_나재집(懶齋集)(등록일:2020.03.25)
1181,한국문집총간_소요재집(逍遙齋集)(등록일:2020.03.24)
1182,한국문집총간_매월당집(梅月堂集)(등록일:2020.03.24)
1183,한국문집총간_점필재집(?畢齋集)(등록일:2020.03.24)
1184,한국문집총간_진일유고(眞逸遺稿)(등록일:2020.03.24)
1185,한국문집총간_사숙재집(私淑齋集)(등록일:2020.03.24)
1186,한국문집총간_삼탄집(三灘集)(등록일:2020.03.24)
1187,한국문집총간_청파집(靑坡集)(등록일:2020.03.24)
1188,한국문집총간_소총유고(篠?遺稿)(등록일:2020.03.24)
1189,한국문집총간_어계집(漁溪集)(등록일:2020.03.24)
1190,한국문집총간_사가집(四佳集)(등록일:2020.03.24)
1191,한국문집총간_성근보집(成謹甫集)(등록일:2020.03.24)
1192,한국문집총간_보한재집(保閑齋集)(등록일:2020.03.24)
1193,한국문집총간_저헌집(樗軒集)(등록일:2020.03.24)
1194,한국문집총간_눌재집(訥齋集)(등록일:2020.03.24)
1195,한국문집총간_관란유고(觀瀾遺稿)(등록일:2020.03.24)
1196,한국문집총간_박선생유고(朴先生遺稿)(등록일:2020.03.24)
1197,한국문집총간_태허정집(太虛亭集)(등록일:2020.03.24)
1198,한국문집총간_식우집(拭?集)(등록일:2020.03.24)
1199,한국문집총간_경재유고(敬齋遺稿)(등록일:2020.03.24)
1200,한국문집총간_불우헌집(不憂軒集)(등록일:2020.03.24)
1201,한국문집총간_태재집(泰齋集)(등록일:2020.03.24)
1202,한국문집총간_단계유고(丹溪遺稿)(등록일:2020.03.24)
1203,한국문집총간_정재일고(貞齋逸稿)(등록일:2020.03.24)
1204,한국문집총간_경재집(敬齋集)(등록일:2020.03.24)
1205,한국문집총간_인재집(寅齋集)(등록일:2020.03.24)
1206,한국문집총간_국당유고(菊堂遺稿)(등록일:2020.03.24)
1207,한국문집총간_춘정집(春亭集)(등록일:2020.03.24)
1208,한국문집총간_별동집(別洞集)(등록일:2020.03.24)
1209,한국문집총간_용헌집(容軒集)(등록일:2020.03.24)
1210,한국문집총간_형재시집(亨齋詩集)(등록일:2020.03.24)
1211,한국문집총간_인재유고(麟齋遺稿)(등록일:2020.03.24)
1212,한국문집총간_복재집(復齋集)(등록일:2020.03.24)
1213,한국문집총간_야은집(冶隱集)(등록일:2020.03.24)
1214,한국문집총간_기우집(騎牛集)(등록일:2020.03.24)
1215,한국문집총간_구정유고(龜亭遺藁)(등록일:2020.03.24)
1216,한국문집총간_호정집(浩亭集)(등록일:2020.03.24)
1217,한국문집총간_쌍매당협장집(雙梅堂?藏集)(등록일:2020.03.24)
1218,한국문집총간_양촌집(陽村集)(등록일:2020.03.24)
1219,한국문집총간_석탄집(石灘集)(등록일:2020.03.24)
1220,한국문집총간_경렴정집(景濂亭集)(등록일:2020.03.24)
1221,한국문집총간_운곡행록(耘谷行錄)(등록일:2020.03.24)
1222,한국문집총간_독곡집(獨谷集)(등록일:2020.03.24)
1223,한국문집총간_척약재학음집(?若齋學吟集)(등록일:2020.03.24)
1224,한국문집총간_도은집(陶隱集)(등록일:2020.03.24)
1225,한국문집총간_송당집(松堂集)(등록일:2020.03.24)
1226,한국문집총간_송은집(松隱集)(등록일:2020.03.24)
1227,한국문집총간_원재고(圓齋?)(등록일:2020.03.24)
1228,한국문집총간_삼봉집(三峯集)(등록일:2020.03.24)
1229,한국문집총간_유항시집(柳巷詩集)(등록일:2020.03.24)
1230,한국문집총간_포은집(圃隱集)(등록일:2020.03.24)
1231,한국문집총간_목은고(牧隱藁)(등록일:2020.03.24)
1232,한국문집총간_야은일고(?隱逸稿)(등록일:2020.03.24)
1233,한국문집총간_둔촌잡영(遁村雜詠)(등록일:2020.03.24)
1234,한국문집총간_담암일집(淡庵逸集)(등록일:2020.03.24)
1235,한국문집총간_설곡집(雪谷集)(등록일:2020.03.24)
1236,한국문집총간_가정집(稼亭集)(등록일:2020.03.24)
1237,한국문집총간_급암시집(及菴詩集)(등록일:2020.03.24)
1238,한국문집총간_졸고천백(拙藁千百)(등록일:2020.03.24)
1239,한국문집총간_익재난고(益齋亂藁)(등록일:2020.03.24)
1240,한국문집총간_제정집(霽亭集)(등록일:2020.03.24)
1241,한국문집총간_근재집(謹齋集)(등록일:2020.03.24)
1242,한국문집총간_홍애유고(洪崖遺?)(등록일:2020.03.24)
1243,한국문집총간_동안거사집(動安居士集)(등록일:2020.03.24)
1244,한국문집총간_지포집(止浦集)(등록일:2020.03.24)
1245,한국문집총간_매호유고(梅湖遺稿)(등록일:2020.03.24)
1246,한국문집총간_동국이상국집(東國李相國集)(등록일:2020.03.24)
1247,한국문집총간_서하집(西河集)(등록일:2020.03.24)
1248,한국문집총간_고운집(孤雲集)(등록일:2020.03.24)
1249,한국문집총간_계원필경집(桂苑筆耕集)(등록일:2020.03.24)
1250,한국문집총간_남양시집(南陽詩集)(등록일:2020.03.24)
1251,한국문집총간 망헌유고 1571년
